[
  {
    "value": "short",
    "synonyms": [
      "short"
    ]
  },
  {
    "value": "long",
    "synonyms": [
      "long"
    ]
  },
  {
    "value": "under 5 min",
    "synonyms": [
      "under 5 min"
    ]
  },
  {
    "value": "10 min",
    "synonyms": [
      "10 min"
    ]
  },
  {
    "value": "20 min",
    "synonyms": [
      "20 min"
    ]
  },
  {
    "value": "30 min",
    "synonyms": [
      "30 min"
    ]
  },
  {
    "value": "An hour or more",
    "synonyms": [
      "An hour or more"
    ]
  }
]