[
  {
    "value": "finance",
    "synonyms": [
      "finance",
      "money",
      "investing",
      "stock market"
    ]
  },
  {
    "value": "entertainment",
    "synonyms": [
      "entertainment",
      "fun videos",
      "timepass",
      "bored",
      "entertaining content",
      "fun"
    ]
  },
  {
    "value": "education",
    "synonyms": [
      "education",
      "learning",
      "study",
      "tutorials"
    ]
  },
  {
    "value": "music",
    "synonyms": [
      "music",
      "songs",
      "kpop",
      "piano",
      "music video"
    ]
  },
  {
    "value": "gaming",
    "synonyms": [
      "gaming",
      "gameplay",
      "game content"
    ]
  }
]