[
  {
    "id": "1ea33e61-feff-4ad5-9df3-7a75629e7fa4",
    "data": [
      {
        "text": "Show me a coding video",
        "userDefined": false
      }
    ],
    "isTemplate": false,
    "count": 0,
    "lang": "en",
    "updated": 0
  },
  {
    "id": "0a46e465-a140-4a42-a3e9-e3d5f5dbbb87",
    "data": [
      {
        "text": "I need a music video",
        "userDefined": false
      }
    ],
    "isTemplate": false,
    "count": 0,
    "lang": "en",
    "updated": 0
  },
  {
    "id": "9e402a9f-b8b7-4011-8e7e-cd069f275889",
    "data": [
      {
        "text": "Give me something to watch",
        "userDefined": false
      }
    ],
    "isTemplate": false,
    "count": 0,
    "lang": "en",
    "updated": 0
  },
  {
    "id": "bd969c26-6d93-49ba-abc7-afa096bcd1c1",
    "data": [
      {
        "text": "Suggest a video",
        "userDefined": false
      }
    ],
    "isTemplate": false,
    "count": 0,
    "lang": "en",
    "updated": 0
  }
]