[
  {
    "id": "12daf636-eeb6-43bb-a9db-b5fb14b28c20",
    "data": [
      {
        "text": "I want to watch a Music Video",
        "userDefined": false
      }
    ],
    "isTemplate": false,
    "count": 0,
    "lang": "en",
    "updated": 0
  },
  {
    "id": "e240daba-7731-40fe-913b-81f1d73f271c",
    "data": [
      {
        "text": "Show me some fun science tutorials",
        "userDefined": false
      }
    ],
    "isTemplate": false,
    "count": 0,
    "lang": "en",
    "updated": 0
  },
  {
    "id": "62e960ff-2f19-4855-90ef-22b32ebb1592",
    "data": [
      {
        "text": "Watch some Gameplay",
        "userDefined": false
      }
    ],
    "isTemplate": false,
    "count": 0,
    "lang": "en",
    "updated": 0
  }
]