[
  {
    "id": "0de1c331-f3a0-4b01-8005-3b28b7149eb4",
    "data": [
      {
        "text": "Suggest me a video",
        "userDefined": false
      }
    ],
    "isTemplate": false,
    "count": 0,
    "lang": "en",
    "updated": 0
  },
  {
    "id": "9d400e06-1d18-44bd-b828-e7a04cd67d77",
    "data": [
      {
        "text": "I need a video",
        "userDefined": false
      }
    ],
    "isTemplate": false,
    "count": 0,
    "lang": "en",
    "updated": 0
  },
  {
    "id": "15aee52a-4fd0-404e-a6e2-ff6da73fcb39",
    "data": [
      {
        "text": "Hello",
        "userDefined": false
      }
    ],
    "isTemplate": false,
    "count": 0,
    "lang": "en",
    "updated": 0
  },
  {
    "id": "3d2fd912-0f55-41f0-99e4-573d19887736",
    "data": [
      {
        "text": "Hi",
        "userDefined": false
      }
    ],
    "isTemplate": false,
    "count": 0,
    "lang": "en",
    "updated": 0
  }
]